month,year,temperature
Janar,2026,-5
Janar,2026,-3
Janar,2026,-7
Janar,2026,-2
Shkurt,2026,3
Shkurt,2026,5
Shkurt,2026,1
Shkurt,2026,4
Mars,2026,10
Mars,2026,12
Mars,2026,8
Mars,2026,11
Prill,2026,16
Prill,2026,18
Prill,2026,14
Prill,2026,17
Maj,2026,19
Maj,2026,21
Maj,2026,18
Maj,2026,20
Qershor,2026,27
Qershor,2026,29
Qershor,2026,25
Qershor,2026,28
Korrik,2026,30
Korrik,2026,32
Korrik,2026,29
Korrik,2026,31
Gusht,2026,31
Gusht,2026,33
Gusht,2026,30
Gusht,2026,32
Shtator,2026,26
Shtator,2026,28
Shtator,2026,24
Shtator,2026,27
Tetor,2026,18
Tetor,2026,20
Tetor,2026,16
Tetor,2026,19
Nentor,2026,4
Nentor,2026,7
Nentor,2026,2
Nentor,2026,5
Dhjetor,2026,-6
Dhjetor,2026,-4
Dhjetor,2026,-8
Dhjetor,2026,-5
